-- MySQL dump 10.13  Distrib 8.0.23, for Win64 (x86_64)
--
-- Host: localhost    Database: parking_service
-- ------------------------------------------------------
-- Server version	8.0.23

/*!40101 SET @OLD_CHARACTER_SET_CLIENT=@@CHARACTER_SET_CLIENT */;
/*!40101 SET @OLD_CHARACTER_SET_RESULTS=@@CHARACTER_SET_RESULTS */;
/*!40101 SET @OLD_COLLATION_CONNECTION=@@COLLATION_CONNECTION */;
/*!50503 SET NAMES utf8 */;
/*!40103 SET @OLD_TIME_ZONE=@@TIME_ZONE */;
/*!40103 SET TIME_ZONE='+00:00' */;
/*!40014 SET @OLD_UNIQUE_CHECKS=@@UNIQUE_CHECKS, UNIQUE_CHECKS=0 */;
/*!40014 SET @OLD_FOREIGN_KEY_CHECKS=@@FOREIGN_KEY_CHECKS, FOREIGN_KEY_CHECKS=0 */;
/*!40101 SET @OLD_SQL_MODE=@@SQL_MODE, SQL_MODE='NO_AUTO_VALUE_ON_ZERO' */;
/*!40111 SET @OLD_SQL_NOTES=@@SQL_NOTES, SQL_NOTES=0 */;

--
-- Table structure for table `administrator`
--

DROP TABLE IF EXISTS `administrator`;
/*!40101 SET @saved_cs_client     = @@character_set_client */;
/*!50503 SET character_set_client = utf8mb4 */;
CREATE TABLE `administrator` (
  `id` varchar(20) NOT NULL,
  `ssn` char(15) NOT NULL,
  `name` varchar(30) NOT NULL,
  `phone` varchar(20) NOT NULL,
  `management_park` int NOT NULL,
  PRIMARY KEY (`id`),
  KEY `fk_administrator_parking_lot_idx` (`management_park`)
) ENGINE=InnoDB DEFAULT CHARSET=utf8;
/*!40101 SET character_set_client = @saved_cs_client */;

--
-- Dumping data for table `administrator`
--

LOCK TABLES `administrator` WRITE;
/*!40000 ALTER TABLE `administrator` DISABLE KEYS */;
INSERT INTO `administrator` VALUES ('1','570222-2150020','정진영','010-7725-9943',1),('10','570222-2150029','김정수','010-9784-2066',10),('100','650111-1195197','서종수','010-6485-1959',100),('101','650111-1195198','이주식','010-6485-1960',101),('102','750111-1195199','정주리','010-6485-1961',102),('103','650111-1195200','김두식','010-6485-1962',103),('104','750111-1195201','김종인','010-6485-1963',104),('105','650111-1195202','박소민','010-6485-1964',105),('106','650111-1195203','이종하','010-6485-1965',106),('107','650111-1195204','박태준','010-6485-1966',107),('108','650111-1195205','주호민','010-6485-1967',108),('109','650111-1195206','박수미','010-6485-1968',109),('11','570222-2150030','이성정','010-9784-2067',11),('110','650111-1195208','노성민','010-2123-1312',110),('12','570222-2150031','조대필','010-9784-2068',12),('13','570222-2150032','정범식','010-9784-2069',13),('14','570222-2150033','오정섭','010-9784-2070',14),('15','570222-2150034','주호성','010-9784-2071',15),('16','570222-2150035','정필돈','010-9784-2072',16),('17','590111-1195189','정유리','010-6485-2016',17),('18','590111-1195190','서정수','010-6485-2017',18),('19','590111-1195191','서두식','010-6485-2018',19),('2','570222-2150021','박미수','010-9784-2058',2),('20','590111-1195192','조두팔','010-6485-2019',20),('21','590111-1195193','이승엽','010-6485-2020',21),('22','590111-1195194','서정옥','010-6485-2021',22),('23','590111-1195195','최동욱','010-6485-2022',23),('24','590111-1195196','최준엽','010-6485-2023',24),('25','590111-1195197','김보섭','010-6485-2024',25),('26','590111-1195198','김수성','010-9784-1965',26),('27','590111-1195199','서동섭','010-9784-1966',27),('28','590111-1195200','최기현','010-9784-1967',28),('29','590111-1195201','정석환','010-9784-1968',29),('3','570222-2150022','김현수','010-9784-2059',3),('30','590111-1195202','주호영','010-9784-1969',30),('31','590111-1195203','제갈수현','010-9784-1970',31),('32','590111-1195204','하성엽','010-9784-1971',32),('33','590111-1195205','허찬석','010-9784-1972',33),('34','590111-1195206','도원수','010-9784-1973',34),('35','590111-1195207','장판석','010-9784-1974',35),('36','590111-1195208','장나라','010-9784-1975',36),('37','590111-1195209','장기형','010-9784-1976',37),('38','590111-1195210','주민수','010-9784-1977',38),('39','590111-1195211','이나겸','010-9784-1978',39),('4','570222-2150023','정선미','010-9784-2060',4),('40','590111-1195212','조정현','010-9784-1979',40),('41','590111-1195213','조수진','010-9784-1980',41),('42','590111-1195214','김아영','010-9784-1981',42),('43','590111-1195215','김유식','010-9784-1982',43),('44','590111-1195216','김대권','010-9784-1983',44),('45','590111-1195217','조권','010-9784-1984',45),('46','590111-1195218','김산','010-9784-1985',46),('47','590111-1195219','김아무개','010-9784-1986',47),('48','590111-1195220','조승필','010-9784-1987',48),('49','590111-1195221','윤동주','010-9784-1988',49),('5','570222-2150024','최성수','010-9784-2061',5),('50','590111-1195222','김병순','010-9784-1989',50),('51','590111-1195223','김병문','010-9784-1990',51),('52','590111-1195224','김창현','010-9784-1991',52),('53','590111-1195225','김주성','010-9784-1992',53),('54','590111-1195226','조만수','010-9784-1993',54),('55','590111-1195227','김민수','010-9784-1994',55),('56','590111-1195228','이동훈','010-9784-1995',56),('57','590111-1195229','이준형','010-9784-1996',57),('58','590111-1195230','이정식','010-9784-1997',58),('59','590111-1195231','이창식','010-9784-1998',59),('6','570222-2150025','조상수','010-9784-2062',6),('60','690111-1195232','조보람','010-9784-1999',60),('61','590111-1195233','김규리','010-9784-2000',61),('62','590111-1195234','김나영','010-9784-2001',62),('63','610222-2149965','서지영','010-6485-1987',63),('64','610222-2149966','강다영','010-6485-1988',64),('65','610222-2149967','서현제','010-6485-1989',65),('66','610222-2149968','서지현','010-6485-1990',66),('67','610222-2149969','서석돌','010-6485-1991',67),('68','610222-2149970','서주영','010-6485-1992',68),('69','610222-2149971','박주영','010-6485-1993',69),('7','570222-2150026','정상수','010-9784-2063',7),('70','610222-2149972','성동일','010-6485-1994',70),('71','610222-2149973','권영준','010-6485-1995',71),('72','610222-2149974','권동수','010-6485-1996',72),('73','610222-2149975','정준영','010-6485-1997',73),('74','510222-2149976','홍성준','010-6485-1998',74),('75','610222-2149977','홍준표','010-6485-1999',75),('76','610222-2149978','정동섭','010-6485-2000',76),('77','610222-2149979','권영진','010-6485-2001',77),('78','610222-2149980','하동근','010-6485-2002',78),('79','610222-2149981','성무근','010-6485-2003',79),('8','570222-2150027','박정섭','010-9784-2064',8),('80','610222-2149982','성시경','010-6485-2004',80),('81','610222-2149983','김정주','010-6485-2005',81),('82','610222-2149984','지정주','010-6485-2006',82),('83','610222-2149985','조판석','010-6485-2007',83),('84','610222-2149986','조정수','010-6485-2008',84),('85','610222-2149987','정나금','010-6485-2009',85),('86','610222-2149988','나지금','010-6485-2010',86),('87','610222-2149989','이지현','010-6485-2011',87),('88','610222-2149990','최영웅','010-6485-2012',88),('89','610222-2149991','이찬원','010-6485-2013',89),('9','570222-2150028','나미소','010-9784-2065',9),('90','610222-2149992','조준범','010-6485-2014',90),('91','610222-2149993','김대식','010-6485-2015',91),('92','650111-1195189','김창엽','010-6485-1951',92),('93','650111-1195190','조수미','010-6485-1952',93),('94','650111-1195191','최진엽','010-6485-1953',94),('95','650111-1195192','김도형','010-6485-1954',95),('96','650111-1195193','김성식','010-6485-1955',96),('97','650111-1195194','김동수','010-6485-1956',97),('98','650111-1195195','최성협','010-6485-1957',98),('99','650111-1195196','한창석','010-6485-1958',99);
/*!40000 ALTER TABLE `administrator` ENABLE KEYS */;
UNLOCK TABLES;

--
-- Table structure for table `car`
--

DROP TABLE IF EXISTS `car`;
/*!40101 SET @saved_cs_client     = @@character_set_client */;
/*!50503 SET character_set_client = utf8mb4 */;
CREATE TABLE `car` (
  `license_plate_number` varchar(10) NOT NULL,
  `entry_time` datetime DEFAULT NULL,
  `departure_time` datetime DEFAULT NULL,
  `park_id` int DEFAULT NULL,
  `pre_order` tinyint DEFAULT '0',
  `discount` int DEFAULT NULL,
  PRIMARY KEY (`license_plate_number`),
  KEY `fk_car_parking_lot1_idx` (`park_id`),
  CONSTRAINT `fk_car_parking_lot1` FOREIGN KEY (`park_id`) REFERENCES `parking_lot` (`park_id`)
) ENGINE=InnoDB DEFAULT CHARSET=utf8;
/*!40101 SET character_set_client = @saved_cs_client */;

--
-- Dumping data for table `car`
--

LOCK TABLES `car` WRITE;
/*!40000 ALTER TABLE `car` DISABLE KEYS */;
INSERT INTO `car` VALUES ('01로8123','2022-06-08 12:00:00',NULL,NULL,0,NULL),('01루9988','2022-06-08 12:00:00',NULL,NULL,0,NULL),('04소3121','2022-06-08 12:00:00',NULL,NULL,0,NULL),('05소2818',NULL,NULL,NULL,0,NULL),('06가2811',NULL,NULL,NULL,0,NULL),('08로0901',NULL,NULL,NULL,0,NULL),('08버0482',NULL,NULL,NULL,0,NULL),('08수2131',NULL,NULL,NULL,0,NULL),('08우3131',NULL,NULL,NULL,0,NULL),('100도1022',NULL,NULL,NULL,0,NULL),('100하3812',NULL,NULL,NULL,0,NULL),('100호3019',NULL,NULL,NULL,0,NULL),('101두8123',NULL,NULL,NULL,0,NULL),('101어4812',NULL,NULL,NULL,0,NULL),('101허8421',NULL,NULL,NULL,0,NULL),('101호3201',NULL,NULL,NULL,0,NULL),('101호7621',NULL,NULL,NULL,0,NULL),('102고2812',NULL,NULL,NULL,0,NULL),('102다3192',NULL,NULL,NULL,0,NULL),('102로2812',NULL,NULL,NULL,0,NULL),('102바8502',NULL,NULL,NULL,0,NULL),('103도4928',NULL,NULL,NULL,0,NULL),('103로7624',NULL,NULL,NULL,0,NULL),('103오8321',NULL,NULL,NULL,0,NULL),('103하9312',NULL,NULL,NULL,0,NULL),('104두8092',NULL,NULL,NULL,0,NULL),('104호0912',NULL,NULL,NULL,0,NULL),('108가8844',NULL,NULL,NULL,0,NULL),('108도4011',NULL,NULL,NULL,0,NULL),('108하0429',NULL,NULL,NULL,0,NULL),('10가3021',NULL,NULL,NULL,0,NULL),('10구1812',NULL,NULL,NULL,0,NULL),('112러4821',NULL,NULL,NULL,0,NULL),('11로1234',NULL,NULL,NULL,0,NULL),('11루1038',NULL,NULL,NULL,0,NULL),('120러1025',NULL,NULL,NULL,0,NULL),('131루7372',NULL,NULL,NULL,0,NULL),('148아3821',NULL,NULL,NULL,0,NULL),('165호9276','2022-06-08 12:00:00','2022-06-08 17:47:08',1,0,1),('184다6543',NULL,NULL,NULL,0,NULL),('185루0281',NULL,NULL,NULL,0,NULL),('189서0809',NULL,NULL,NULL,0,NULL),('18어0192',NULL,NULL,NULL,0,NULL),('18오0182',NULL,NULL,NULL,0,NULL),('19라1111',NULL,NULL,NULL,0,NULL),('201노1832',NULL,NULL,NULL,0,NULL),('201마8021',NULL,NULL,NULL,0,NULL),('201오9912',NULL,NULL,NULL,0,NULL),('203로1818',NULL,NULL,NULL,0,NULL),('20도4821',NULL,NULL,NULL,0,NULL),('22오0281',NULL,NULL,NULL,0,NULL),('230허7675',NULL,NULL,NULL,0,NULL),('24고8484',NULL,NULL,NULL,0,NULL),('283버8212',NULL,NULL,NULL,0,NULL),('29나1831',NULL,NULL,NULL,0,NULL),('301도4921',NULL,NULL,NULL,0,NULL),('301허8484',NULL,NULL,NULL,0,NULL),('302두4812',NULL,NULL,NULL,0,NULL),('302로1011',NULL,NULL,NULL,0,NULL),('302허0199',NULL,NULL,NULL,0,NULL),('30고1011',NULL,NULL,NULL,0,NULL),('30도1919',NULL,NULL,NULL,0,NULL),('30우0912',NULL,NULL,NULL,0,NULL),('310두2013',NULL,NULL,NULL,0,NULL),('318고8031',NULL,NULL,NULL,0,NULL),('319다5821',NULL,NULL,NULL,0,NULL),('31서3019',NULL,NULL,NULL,0,NULL),('31소2021',NULL,NULL,NULL,0,NULL),('32구1312',NULL,NULL,NULL,0,NULL),('33조8651','2022-06-08 12:00:00','2022-06-08 17:46:46',1,0,2),('340하3012',NULL,NULL,NULL,0,NULL),('345우6102','2022-06-08 12:00:00','2022-06-08 17:45:52',1,1,0),('34라1821',NULL,NULL,NULL,0,NULL),('382수9201',NULL,NULL,NULL,0,NULL),('389소1124',NULL,NULL,NULL,0,NULL),('39머1392',NULL,NULL,NULL,0,NULL),('401라1232',NULL,NULL,NULL,0,NULL),('402로8181',NULL,NULL,NULL,0,NULL),('403오1800',NULL,NULL,NULL,0,NULL),('40두3132',NULL,NULL,NULL,0,NULL),('40수9199',NULL,NULL,NULL,0,NULL),('40자1020',NULL,NULL,NULL,0,NULL),('410소3812',NULL,NULL,NULL,0,NULL),('412어9021',NULL,NULL,NULL,0,NULL),('41고9182',NULL,NULL,NULL,0,NULL),('420수6102',NULL,NULL,NULL,0,NULL),('421라0921',NULL,NULL,NULL,0,NULL),('43어8181',NULL,NULL,NULL,0,NULL),('44소4123',NULL,NULL,NULL,0,NULL),('45서8548',NULL,NULL,NULL,0,NULL),('483두7532',NULL,NULL,NULL,0,NULL),('48두1004',NULL,NULL,NULL,0,NULL),('48어1082',NULL,NULL,NULL,0,NULL),('48오3182',NULL,NULL,NULL,0,NULL),('49러1010',NULL,NULL,NULL,0,NULL),('49모4192',NULL,NULL,NULL,0,NULL),('502수8201',NULL,NULL,NULL,0,NULL),('506구2821',NULL,NULL,NULL,0,NULL),('50구8449',NULL,NULL,1,1,1),('51수4129',NULL,NULL,NULL,0,NULL),('528고0193',NULL,NULL,NULL,0,NULL),('53자3012',NULL,NULL,NULL,0,NULL),('55구9922',NULL,NULL,NULL,0,NULL),('59가1912',NULL,NULL,NULL,0,NULL),('59러8502',NULL,NULL,NULL,0,NULL),('59로3129',NULL,NULL,NULL,0,NULL),('64마2132',NULL,NULL,NULL,0,NULL),('64오8120',NULL,NULL,NULL,0,NULL),('650호7024',NULL,NULL,NULL,0,NULL),('65오2091',NULL,NULL,NULL,0,NULL),('678수3921',NULL,NULL,NULL,0,NULL),('732사0101',NULL,NULL,NULL,0,NULL),('79우2131',NULL,NULL,NULL,0,NULL);
/*!40000 ALTER TABLE `car` ENABLE KEYS */;
UNLOCK TABLES;

--
-- Table structure for table `parking_lot`
--

DROP TABLE IF EXISTS `parking_lot`;
/*!40101 SET @saved_cs_client     = @@character_set_client */;
/*!50503 SET character_set_client = utf8mb4 */;
CREATE TABLE `parking_lot` (
  `park_id` int NOT NULL,
  `name` varchar(20) NOT NULL,
  `location` varchar(30) NOT NULL,
  `size` int NOT NULL,
  `fee_per_10min` varchar(45) NOT NULL,
  PRIMARY KEY (`park_id`)
) ENGINE=InnoDB DEFAULT CHARSET=utf8;
/*!40101 SET character_set_client = @saved_cs_client */;

--
-- Dumping data for table `parking_lot`
--

LOCK TABLES `parking_lot` WRITE;
/*!40000 ALTER TABLE `parking_lot` DISABLE KEYS */;
INSERT INTO `parking_lot` VALUES (1,'영남대학교 IT관 전방 주차장','경산시',10,'300'),(2,'영남대학교 IT관 측방 주차장','경산시',20,'300'),(3,'대구대학교 주차장','경산시',450,'0'),(4,'영남대학교 기계관 학생 주차장','경산시',40,'300'),(5,'경북대학교 IT대학 주차장','대구시 북구',30,'300'),(6,'계명대학교 공과대학 주차장','대구시 달서구',50,'300'),(7,'수성못 공영 주차장','대구시 수성구',40,'100'),(8,'신매 광장 공영 주차장','대구시 수성구',25,'200'),(9,'압량 공영 주차장','경산시',100,'50'),(10,'동성로 공영 주차장','대구시 중구',60,'400'),(11,'수성구청 주차장','대구시 수성구',40,'200'),(12,'달서구청 주차장','대구시 달서구',60,'200'),(13,'달성군청 주차장','대구시 달성군',80,'200'),(14,'북구청 주차장','대구시 북구',40,'200'),(15,'남구청 주차장','대구시 남구',30,'200'),(16,'서구청 주차장','대구시 서구',30,'200'),(17,'동구청  주차장','대구시 동구',30,'200'),(18,'대구시청 별관 주차장','대구시 북구',140,'200'),(19,'고산2동 공영 주차장','대구시 수성구',20,'200'),(20,'노변동 공영 주차장','대구시 수성구',35,'200'),(21,'대구시청 주차장','대구시 중구',30,'200'),(22,'영남대학교 기계관','영남대',10,'300'),(23,'테슬라 대구 센터 주차장','대구시 수성구',7,'1000'),(24,'메리어트 호텔 대구 주차장','대구시 동구',250,'1000'),(25,'대구백화점 본점 주차장','대구시 중구',300,'400'),(26,'롯데백화점 대구점 주차장','대구시 중구',500,'300'),(27,'현대백화점 대구점 주차장','대구시 중구',500,'300'),(28,'신세계백화점 대구점 본관 주차장','대구시 동구',400,'300'),(29,'신세계백화점 대구점 별관 주차장','신백',300,'500'),(30,'벤츠 황금점 주차장','대구시 수성구',25,'1000'),(31,'어레인지먼트 포항점','포항시',30,'0'),(32,'BMW 황금점','대구시 수성구',15,'1000'),(33,'미니쿠페 황금점','대구시 수성구',10,'1000'),(34,'율하 롯데아울렛','대구시 동구',200,'250'),(35,'펫월드 영천점','영천시',6,'1000'),(36,'청송군청','청송군',20,'200'),(37,'울진군청','울진군',15,'200'),(38,'영덕군청','영덕군',14,'200'),(39,'상주시청','상주시',20,'200'),(40,'문경시청','문경시',30,'200'),(41,'칠곡군청','칠곡군',15,'200'),(42,'청도군청','청도군',15,'200'),(43,'경산시청','경산시',40,'200'),(44,'구미시청','구미시',40,'200'),(45,'김천시청','김천시',15,'200'),(46,'밀양시청','밀양시',40,'200'),(47,'사천시청','사천시',30,'200'),(48,'포항시청','포항시',30,'200'),(49,'신매역 공영 주차장','대구시 수성구',25,'200'),(50,'사월역 공영 주차장','대구시 수성구',40,'200'),(51,'임당역 공영 주차장','경산시',150,'200'),(52,'대구 북부정류장','대구시 북구',60,'200'),(53,'대구 서부정류장','대구시 서구',15,'200'),(54,'서대구역','대구시 서구',180,'200'),(55,'서문시장 공영주차장','대구시 중구',100,'200'),(56,'관문시장 공영주차장','대구시 달서구',40,'200'),(57,'칠성시장 공영주차장','대구시 북구',80,'200'),(58,'칠성동 번개시장','대구시 북구',50,'200'),(59,'파티마병원 주차장','대구시 북구',210,'300'),(60,'경북대병원 본관','대구시 중구',120,'300'),(61,'경북대 칠곡병원','대구시 북구',160,'300'),(62,'영남대병원 본관','대구시 남구',200,'300'),(63,'대구가톨릭대 병원','대구시 남구',180,'300'),(64,'영남대병원 영천병원','영천시',130,'300'),(65,'경산역 공영주차장','경산시',20,'200'),(66,'청도읍성 주차장','청도군',10,'200'),(67,'와인터널 주차장','청도군',13,'200'),(68,'대구 병무청 주차장','대구시 동구',60,'200'),(69,'대구 조달청 주차장','대구시 동구',40,'200'),(70,'욱수골 공영주차장','대구시 수성구',50,'200'),(71,'수성못 스타벅스','대구시 수성구',14,'500'),(72,'수성못 커피스미스','대구시 수성구',18,'500'),(73,'퀸벨호텔','대구시 동구',60,'1000'),(74,'달서노인복지센터','대구시 달서구',3,'200'),(75,'웃는얼굴아트센터','대구시 달서구',40,'200'),(76,'대구보건대학교 성실관','대구시 북구',120,'300'),(77,'대구미술관','대구시 수성구',80,'200'),(78,'대구라이온즈파크','대구시 수성구',300,'250'),(79,'대구스타디움','대구시 수성구',350,'200'),(80,'대구 동부소방서','대구시 동구',3,'200'),(81,'대구 중부경찰서','대구시 중구',15,'200'),(82,'진량우체국','경산시',5,'200'),(83,'두류 야외음악당 공영 주차장','대구시 달서구',40,'200'),(84,'송해공원 주차장','대구시 달성군',45,'200'),(85,'현풍 상설주차장','대구시 달성군',90,'200'),(86,'팔공산 도립공원 주차장','영천시',80,'200'),(87,'동화사 주차장','대구시 북구',25,'200'),(88,'수태골 주차장','대구시 동구',20,'200'),(89,'수성호텔 주차장','대구시 수성구',250,'600'),(90,'대구 동부정류장','대구시 동구',25,'200'),(91,'테슬라 청담센터','서울시 강남구',15,'2000'),(92,'대구 남부정류장','대구시 수성구',10,'200'),(93,'대공원역 공영주차장','대구시 수성구',15,'200'),(94,'대구박물관 주차장','대구시 수성구',25,'200'),(95,'대구 한의대 입구 주차장','경산시',100,'200'),(96,'대경대 주차장','경산시',40,'100'),(97,'한동대 주차장','포항시',230,'100'),(98,'경산 아트라움 웨딩','경산시',200,'400'),(99,'망우당공원 주차장','대구시 동구',80,'200'),(100,'안심역 공영주차장','대구시 동구',30,'200'),(101,'호미곶 주차장','포항시',80,'200'),(102,'후포해수욕장 공영주차장','포항시',60,'200'),(103,'동신교회 주차장','대구시 수성구',50,'500'),(104,'수성대학교 주차장','대구시 수성구',100,'300'),(105,'동대구역 공영 주차장','대구시 동구',600,'300'),(106,'앞산 전망대 주차장','대구시 서구',80,'200'),(107,'상인동 공영 주차장','대구시 달서구',50,'200'),(108,'진천동 공영 주차장','대구시 달서구',50,'200'),(109,'반야월 공영 주차장','대구시 동구',60,'200'),(110,'대구역 공영 주차장','대구시 북구',40,'200');
/*!40000 ALTER TABLE `parking_lot` ENABLE KEYS */;
UNLOCK TABLES;

--
-- Table structure for table `payment`
--

DROP TABLE IF EXISTS `payment`;
/*!40101 SET @saved_cs_client     = @@character_set_client */;
/*!50503 SET character_set_client = utf8mb4 */;
CREATE TABLE `payment` (
  `payment_number` varchar(10) NOT NULL,
  `payment_time` time NOT NULL,
  `parking_fee` int NOT NULL,
  `user_id` varchar(20) NOT NULL,
  PRIMARY KEY (`payment_number`),
  KEY `fk_payment_user1_idx` (`user_id`),
  CONSTRAINT `fk_payment_user1` FOREIGN KEY (`user_id`) REFERENCES `user` (`id`) ON DELETE CASCADE ON UPDATE CASCADE
) ENGINE=InnoDB DEFAULT CHARSET=utf8;
/*!40101 SET character_set_client = @saved_cs_client */;

--
-- Dumping data for table `payment`
--

LOCK TABLES `payment` WRITE;
/*!40000 ALTER TABLE `payment` DISABLE KEYS */;
INSERT INTO `payment` VALUES ('1','12:00:00',1000,'aaa'),('2','17:58:43',0,'aaa'),('3','18:21:12',11400,'aaa');
/*!40000 ALTER TABLE `payment` ENABLE KEYS */;
UNLOCK TABLES;

--
-- Table structure for table `user`
--

DROP TABLE IF EXISTS `user`;
/*!40101 SET @saved_cs_client     = @@character_set_client */;
/*!50503 SET character_set_client = utf8mb4 */;
CREATE TABLE `user` (
  `id` varchar(20) NOT NULL,
  `ssn` char(15) NOT NULL,
  `name` varchar(30) NOT NULL,
  `phone` varchar(20) NOT NULL,
  `license_plate_number` varchar(10) NOT NULL,
  PRIMARY KEY (`id`),
  KEY `fk_user_car1_idx` (`license_plate_number`),
  CONSTRAINT `fk_user_car1` FOREIGN KEY (`license_plate_number`) REFERENCES `car` (`license_plate_number`) ON DELETE CASCADE ON UPDATE CASCADE
) ENGINE=InnoDB DEFAULT CHARSET=utf8;
/*!40101 SET character_set_client = @saved_cs_client */;

--
-- Dumping data for table `user`
--

LOCK TABLES `user` WRITE;
/*!40000 ALTER TABLE `user` DISABLE KEYS */;
INSERT INTO `user` VALUES ('aaa','820222-2149965','정진영','010-1111-1111','345우6102'),('bbb','880222-2149971','박창협','010-2222-2222','33조8651'),('ccc','223132-1231321','조만수','010-3333-3333','165호9276'),('u1002','820222-2149966','서현제','010-7724-9943','50구8449'),('u1003','820222-2149967','김현수','010-2465-2035','31소2021'),('u1004','820222-2149968','정선미','010-2465-2036','40두3132'),('u1005','820222-2149969','최성수','010-2465-2037','49모4192'),('u1006','820222-2149970','조상수','010-2465-2038','100호3019'),('u1007','820222-2149971','정상수','010-2465-2039','310두2013'),('u1008','820222-2149972','박정섭','010-2465-2040','340하3012'),('u1009','820222-2149973','나미소','010-2465-2041','412어9021'),('u1010','820222-2149974','김정소','010-2465-2042','102다3192'),('u1011','820222-2149975','이성정','010-2465-2043','103오8321'),('u1012','820222-2149976','조대필','010-2465-2044','301도4921'),('u1013','820222-2149977','정범식','010-2465-2045','103하9312'),('u1014','820222-2149978','오정섭','010-2465-2046','53자3012'),('u1015','820222-2149979','주호성','010-2465-2008','39머1392'),('u1016','820222-2149980','정필돈','010-2465-2009','40자1020'),('u1017','830111-1195189','정유리','010-2465-2010','19라1111'),('u1018','830111-1195190','서정수','010-2465-2011','32구1312'),('u1019','830111-1195191','서두식','010-2465-2012','48오3182'),('u1020','830111-1195192','조두팔','010-2465-2013','64마2132'),('u1021','830111-1195193','이승엽','010-2465-2014','11루1038'),('u1022','830111-1195194','서정옥','010-2465-2015','08수2131'),('u1023','830111-1195195','최동욱','010-2465-2016','401라1232'),('u1024','830111-1195196','최준엽','010-2465-2017','201노1832'),('u1025','830111-1195197','김보섭','010-2465-2018','103도4928'),('u1026','830111-1195198','김수성','010-2465-2019','120러1025'),('u1027','830111-1195199','서동섭','010-2465-2020','201마8021'),('u1028','830111-1195200','최기현','010-2465-2021','302두4812'),('u1029','830111-1195201','정석환','010-2465-2022','20도4821'),('u1030','830111-1195202','주호영','010-2465-2023','51수4129'),('u1031','830111-1195203','제갈수현','010-2465-2024','79우2131'),('u1032','840222-2149965','하성엽','010-2465-2025','34라1821'),('u1033','840222-2149966','허찬석','010-2465-2026','502수8201'),('u1034','840222-2149967','도원수','010-2465-2027','421라0921'),('u1035','840222-2149968','장판석','010-2465-2028','410소3812'),('u1036','840222-2149969','장나라','010-2465-2029','100하3812'),('u1037','840222-2149970','장기형','010-2465-2030','101어4812'),('u1038','840222-2149971','주민수','010-2465-2031','420수6102'),('u1039','840222-2149972','이나겸','010-2465-1992','650호7024'),('u1040','840222-2149973','조정현','010-2465-1993','29나1831'),('u1041','840222-2149974','조수진','010-2465-1994','59러8502'),('u1042','840222-2149975','김아영','010-2465-1995','108하0429'),('u1043','840222-2149976','김유식','010-2465-1996','102로2812'),('u1044','840222-2149977','김대권','010-2465-1997','319다5821'),('u1045','840222-2149978','조권','010-2465-1998','678수3921'),('u1046','840222-2149979','김산','010-2465-1999','185루0281'),('u1047','840222-2149980','김아무개','010-2465-2000','112러4821'),('u1048','840222-2149981','조승필','010-2465-2001','101허8421'),('u1049','840222-2149982','윤동주','010-2465-2002','102바8502'),('u1050','840222-2149983','김병순','010-2465-2003','283버8212'),('u1051','840222-2149984','김병문','010-2465-2004','382수9201'),('u1052','840222-2149985','김창현','010-2465-2005','483두7532'),('u1053','840222-2149986','김주성','010-2465-2006','201오9912'),('u1054','840222-2149987','조만수','010-2465-2007','10구1812'),('u1055','840222-2149988','김민수','010-2465-1975','24고8484'),('u1056','850111-1195189','이동훈','010-2465-1976','44소4123'),('u1057','850111-1195190','이준형','010-2465-1977','22오0281'),('u1058','850111-1195191','이정식','010-2465-1978','230허7675'),('u1059','850111-1195192','이창식','010-2465-1979','403오1800'),('u1060','850111-1195193','조보람','010-2465-1980','302허0199'),('u1061','850111-1195194','김규리','010-2465-1981','103로7624'),('u1062','850111-1195195','김나영','010-2465-1982','64오8120'),('u1063','850111-1195196','서지영','010-2465-1983','08우3131'),('u1064','850111-1195197','강다영','010-2465-1984','08버0482'),('u1065','850111-1195198','노선민','010-2465-1985','40수9199'),('u1066','850111-1195199','서지현','010-2465-1986','318고8031'),('u1067','850111-1195200','서석돌','010-2465-1987','184다6543'),('u1068','850111-1195201','서주영','010-2465-1988','18오0182'),('u1069','850111-1195202','박주영','010-2465-1989','01루9988'),('u1070','850111-1195203','성동일','010-2465-1990','05소2818'),('u1071','850111-1195204','권영준','010-2465-1991','04소3121'),('u1072','860222-2149965','권동수','010-2465-1959','08로0901'),('u1073','860222-2149966','정준영','010-2465-1960','528고0193'),('u1074','860222-2149967','홍성준','010-2465-1961','104호0912'),('u1075','860222-2149968','홍준표','010-2465-1962','131루7372'),('u1076','860222-2149969','정동섭','010-2465-1963','11로1234'),('u1077','860222-2149970','권영진','010-2465-1964','189서0809'),('u1078','860222-2149971','하동근','010-2465-1965','59로3129'),('u1079','860222-2149972','성무근','010-2465-1966','48어1082'),('u1080','860222-2149973','성시경','010-2465-1967','49러1010'),('u1081','860222-2149974','김정주','010-2465-1968','101호7621'),('u1082','860222-2149975','지정주','010-2465-1969','101두8123'),('u1083','860222-2149976','조판석','010-2465-1970','10가3021'),('u1084','860222-2149977','조정수','010-2465-1971','18어0192'),('u1085','860222-2149978','정나금','010-2465-1972','65오2091'),('u1086','860222-2149979','나지금','010-2465-1973','45서8548'),('u1087','860222-2149980','이지현','010-2465-1974','01로8123'),('u1088','860222-2149981','최영웅','010-8146-9952','31서3019'),('u1089','870111-1195189','이찬원','010-8146-9953','101호3201'),('u1090','870111-1195190','조준범','010-8146-9954','108도4011'),('u1091','870111-1195191','김대식','010-8146-9955','48두1004'),('u1092','870111-1195192','김창엽','010-8146-9956','06가2811'),('u1093','870111-1195193','조수미','010-8146-9957','203로1818'),('u1094','870111-1195194','최진엽','010-8146-9958','506구2821'),('u1095','870111-1195195','김도형','010-8146-9959','30도1919'),('u1096','870111-1195196','김성식','010-2465-1955','41고9182'),('u1097','870111-1195197','김동수','010-2465-1956','301허8484'),('u1098','870111-1195198','최성협','010-2465-1957','402로8181'),('u1099','870111-1195199','한창석','010-2465-1958','389소1124'),('u1100','870111-1195200','서종수','010-8146-9940','104두8092'),('u1101','870111-1195201','이주식','010-8146-9941','100도1022'),('u1102','870111-1195202','정주리','010-8146-9942','55구9922'),('u1103','870111-1195203','김두식','010-8146-9943','59가1912'),('u1104','870111-1195204','김종인','010-8146-9944','30우0912'),('u1105','880222-2149965','박소민','010-8146-9945','732사0101'),('u1106','880222-2149966','이종하','010-8146-9946','148아3821'),('u1107','880222-2149967','박태준','010-8146-9947','302로1011'),('u1108','880222-2149968','주호민','010-8146-9948','108가8844'),('u1109','880222-2149969','박수미','010-8146-9949','102고2812'),('u1110','880222-2149970','노성민','010-8146-9950','43어8181');
/*!40000 ALTER TABLE `user` ENABLE KEYS */;
UNLOCK TABLES;
/*!40103 SET TIME_ZONE=@OLD_TIME_ZONE */;

/*!40101 SET SQL_MODE=@OLD_SQL_MODE */;
/*!40014 SET FOREIGN_KEY_CHECKS=@OLD_FOREIGN_KEY_CHECKS */;
/*!40014 SET UNIQUE_CHECKS=@OLD_UNIQUE_CHECKS */;
/*!40101 SET CHARACTER_SET_CLIENT=@OLD_CHARACTER_SET_CLIENT */;
/*!40101 SET CHARACTER_SET_RESULTS=@OLD_CHARACTER_SET_RESULTS */;
/*!40101 SET COLLATION_CONNECTION=@OLD_COLLATION_CONNECTION */;
/*!40111 SET SQL_NOTES=@OLD_SQL_NOTES */;

-- Dump completed on 2022-06-11 22:27:49
